"material_type","county","material_tons_disposed","material_tons_in_curbside_recycle","material_tons_in_curbside_organics","material_tons_in_other_diversion","material_tons_generated_sum_of_all_streams"
"PETE Plastic Containers","Alameda (Countywide)",4113.64379576046,2116.11708648662,20.7958547340401,498.118311560865,6748.67504854198
"HDPE Plastic Containers","Alameda (Countywide)",3162.51404164845,1024.73327277855,3.05585124452465,75.1150445539824,4265.4182102255
"Miscellaneous Plastic Containers","Alameda (Countywide)",2493.97971182274,1427.30624447375,10.9223254069864,187.257575786005,4119.46585748948
"Plastic Trash Bags","Alameda (Countywide)",14588.9428438724,271.311062473992,6.12615906013816,30.522395333945,14896.9024607405
"Plastic Grocery and Other Merchandise Bags","Alameda (Countywide)",2151.98512864005,346.665116590301,1.38800910327428,0.311448552256296,2500.34970288588
"Non-Bag Commercial and Industrial Packaging Film","Alameda (Countywide)",4524.25581296199,796.674950786801,3.89329445980236,243.482131068671,5568.30618927727
"Film Products","Alameda (Countywide)",91.5856241103192,73.2953007934053,1.01020549198237,140.991596608005,306.882727003712
"Other Film - Other","Alameda (Countywide)",16883.6147507462,801.107071582929,59.8107751076452,48.9698310700993,17793.5024285069
"Durable Plastic Items - #2 and #5 Bulky Rigids","Alameda (Countywide)",1509.77606726896,970.990693383387,0,90.3397774530527,2571.1065381054
"Durable Plastic Items - Other","Alameda (Countywide)",7597.44796942633,433.678643209944,2.50127406228484,151.541486502592,8185.16937320115
"Remainder / Composite Plastic","Alameda (Countywide)",31281.8719555847,1270.64469294851,16.706352645338,259.604032426261,32828.8270336048
"PETE Plastic Containers","Alpine (Countywide)",2.57262251949196,1.59652645776231,0.00372652629493863,0.297922423704608,4.47079792725382
"HDPE Plastic Containers","Alpine (Countywide)",1.72494956888862,1.02594174777185,3.04912572734567e-05,0.0282582218457659,2.77918002976351
"Miscellaneous Plastic Containers","Alpine (Countywide)",1.61322992958338,0.692560380354276,0.00111293089048117,0.0163346747003576,2.3232379155285
"Plastic Trash Bags","Alpine (Countywide)",6.49174397362344,0.228612478345319,0.0020797477145942,0,6.72243619968336
"Plastic Grocery and Other Merchandise Bags","Alpine (Countywide)",1.70430574228042,0.159425163161838,0,0.000573931968060593,1.86430483741032
"Non-Bag Commercial and Industrial Packaging Film","Alpine (Countywide)",0.972756531952815,0.153331031240363,0,0,1.12608756319318
"Film Products","Alpine (Countywide)",0.0121843216934294,0.0324441855095236,0,0.00109644812438799,0.0457249553273409
"Other Film - Other","Alpine (Countywide)",6.55124396997444,0.746749102012368,0.000783636929477574,0.00177960039816321,7.30055630931445
"Durable Plastic Items - #2 and #5 Bulky Rigids","Alpine (Countywide)",0.951173632992408,0.673733618104378,0,0.0233582347331997,1.64826548582999
"Durable Plastic Items - Other","Alpine (Countywide)",3.8893960246389,0.37525358754953,0.000762281431836418,3.24437569915405e-06,4.26541513799597
"Remainder / Composite Plastic","Alpine (Countywide)",13.7125548405272,0.743230672985681,0.00502601149717519,0.0192977395136793,14.4801092645237
"PETE Plastic Containers","Amador (Countywide)",53.6515868288561,25.2008096151786,0.235014324099279,7.331811492715,86.419222260849
"HDPE Plastic Containers","Amador (Countywide)",40.2351953008156,16.7766721119071,0.0511097580459537,0.493276547673112,57.5562537184417
"Miscellaneous Plastic Containers","Amador (Countywide)",31.8006443862699,14.8296491950895,0.126112017076974,0.927654512925378,47.6840601113618
"Plastic Trash Bags","Amador (Countywide)",189.160830886624,3.55368096225616,0.0864893665265891,0.902779477718121,193.703780693125
"Plastic Grocery and Other Merchandise Bags","Amador (Countywide)",26.2686876044666,4.50294811807774,0.0409514291907886,0.00901903860542138,30.8216061903405
"Non-Bag Commercial and Industrial Packaging Film","Amador (Countywide)",54.224861216351,6.97483676176478,0.0492682386235088,7.1210260968679,68.3699923136072
"Film Products","Amador (Countywide)",2.09665877028203,1.35913741899248,0.0146209770585246,4.25208014118058,7.7224973075136
"Other Film - Other","Amador (Countywide)",213.839979820082,9.09035145117506,0.804435906839285,1.13321987042444,224.867987048521
"Durable Plastic Items - #2 and #5 Bulky Rigids","Amador (Countywide)",19.1938929609915,10.2873076306888,0,0.785542808858445,30.2667434005387
"Durable Plastic Items - Other","Amador (Countywide)",99.9949496256604,3.60679757164669,0.0204799611353384,1.54204927001114,105.164276428454
"Remainder / Composite Plastic","Amador (Countywide)",375.076750159941,12.900135922023,0.275922670537953,4.06633422465465,392.319142977157
"PETE Plastic Containers","Butte (Countywide)",521.373838976432,262.501109112485,2.36797469564312,58.6294623754718,844.872385160032
"HDPE Plastic Containers","Butte (Countywide)",386.794601238738,138.598031707381,0.464068807893952,6.21685351982843,532.073555273842
"Miscellaneous Plastic Containers","Butte (Countywide)",305.761674052396,132.381778012284,1.28839628336009,6.1193707695359,445.551219117576
"Plastic Trash Bags","Butte (Countywide)",1719.57457949544,33.7404973961757,0.696832499964464,3.90128555026567,1757.91319494184
"Plastic Grocery and Other Merchandise Bags","Butte (Countywide)",272.00357480105,46.7372144529882,0.183588978670729,0.02641646614275,318.950794698852
"Non-Bag Commercial and Industrial Packaging Film","Butte (Countywide)",433.029024609521,57.4296326557193,0.529653272498169,32.1732555234758,523.161566061214
"Film Products","Butte (Countywide)",9.93141724180265,9.99623191954864,0.16114859497113,17.8826948858822,37.9714926422046
"Other Film - Other","Butte (Countywide)",1960.80698879009,98.7938618158084,8.16067203297062,6.5927747889436,2074.35429742781
"Durable Plastic Items - #2 and #5 Bulky Rigids","Butte (Countywide)",152.484062202245,122.874811995617,0,9.51847710342565,284.877351301288
"Durable Plastic Items - Other","Butte (Countywide)",867.381230101294,46.9604830179965,0.154387399327936,7.47239175238234,921.968492271001
"Remainder / Composite Plastic","Butte (Countywide)",3390.62132728298,123.947441663137,2.6567197428545,20.9911745653976,3538.21666325437
"PETE Plastic Containers","Calaveras (Countywide)",49.2072869720291,25.3089165479529,0.240594833105372,8.96768262621052,83.7244809792979
"HDPE Plastic Containers","Calaveras (Countywide)",35.8851643726982,13.3787349525807,0.0427092094081545,0.684560572744462,49.9911691074315
"Miscellaneous Plastic Containers","Calaveras (Countywide)",28.4346177267197,12.270724335168,0.115464068151479,1.16426815370144,41.9850742837407
"Plastic Trash Bags","Calaveras (Countywide)",169.520002423082,3.72244739775744,0.0683840680349248,0.841060613553734,174.151894502428
"Plastic Grocery and Other Merchandise Bags","Calaveras (Countywide)",24.0621137188046,3.50471929045929,0.0384093493470356,0.00274443828917214,27.6079867969001
"Non-Bag Commercial and Industrial Packaging Film","Calaveras (Countywide)",35.2953150367449,4.89744503899204,0.058412423712032,6.49597468327637,46.7471471827254
"Film Products","Calaveras (Countywide)",2.03531861087506,1.01925291613356,0.0116881130833462,3.97221701176321,7.03847665185518
"Other Film - Other","Calaveras (Countywide)",183.962626119881,10.9463819041605,0.873711937765078,1.19137388281458,196.974093844621
"Durable Plastic Items - #2 and #5 Bulky Rigids","Calaveras (Countywide)",13.0608488430571,11.8841797688872,0,0.837522511509538,25.7825511234539
"Durable Plastic Items - Other","Calaveras (Countywide)",71.7440426877903,4.92746399358805,0.0116120871449748,1.42228437742559,78.1054031459489
"Remainder / Composite Plastic","Calaveras (Countywide)",315.228387255922,10.9451005178173,0.194820728519213,2.91067424248156,329.27898274474
"PETE Plastic Containers","Colusa (Countywide)",39.8657472790077,19.3778239538746,0.142065490098104,4.02732429196164,63.412961014942
"HDPE Plastic Containers","Colusa (Countywide)",30.631998883613,10.0462025432961,0.0496280589879929,0.438674359597649,41.1665038454948
"Miscellaneous Plastic Containers","Colusa (Countywide)",30.4701083080212,7.07242310339008,0.102859786302748,0.241640141585198,37.8870313392992
"Plastic Trash Bags","Colusa (Countywide)",150.24752816405,2.49659077042662,0.050418363594995,0.207688999856531,153.002226297929
"Plastic Grocery and Other Merchandise Bags","Colusa (Countywide)",17.7884953447077,2.11131232090266,0.0112456277182599,0.00617022795060547,19.9172235212792
"Non-Bag Commercial and Industrial Packaging Film","Colusa (Countywide)",109.539238743775,5.96540824141166,0.034921327536343,1.68047610352682,117.22004441625
"Film Products","Colusa (Countywide)",0.510678434501143,2.51553536112499,0.0186663066794602,1.12126189767112,4.16614199997672
"Other Film - Other","Colusa (Countywide)",227.052696237654,7.18152559234553,0.602043894258627,0.213906348594224,235.050172072853
"Durable Plastic Items - #2 and #5 Bulky Rigids","Colusa (Countywide)",22.2651155752571,6.91317520830997,0,1.94702004967866,31.1253108332458
"Durable Plastic Items - Other","Colusa (Countywide)",67.7876718412029,3.97218662543386,0.00490401054481429,0.295310165801492,72.0600726429831
"Remainder / Composite Plastic","Colusa (Countywide)",275.549967992811,7.1388442968576,0.301899384580735,0.6100419600936,283.600753634343
"PETE Plastic Containers","Contra Costa (Countywide)",2101.12536295274,1025.27836411227,11.4303668825786,254.459276366509,3392.2933703141
"HDPE Plastic Containers","Contra Costa (Countywide)",1662.05570084171,541.873816633151,1.94054331876862,31.1720534503576,2237.04211424399
"Miscellaneous Plastic Containers","Contra Costa (Countywide)",1213.50018618079,741.696891740753,6.19633604909611,40.7629619743745,2002.15637594501
"Plastic Trash Bags","Contra Costa (Countywide)",7521.49034048155,135.84174047517,3.46942067560341,20.8479620606351,7681.64946369295
"Plastic Grocery and Other Merchandise Bags","Contra Costa (Countywide)",1065.3509755531,182.205532189679,0.965531279426176,0.112989215380745,1248.63502823758
"Non-Bag Commercial and Industrial Packaging Film","Contra Costa (Countywide)",1866.57275771731,371.061519697071,2.18104580197638,167.574306268487,2407.38962948484
"Film Products","Contra Costa (Countywide)",52.2451308877491,32.6592811971502,0.632819581166438,96.1426867277792,181.679918393845
"Other Film - Other","Contra Costa (Countywide)",8352.00914515517,377.159468801442,34.3839062926496,30.5948914284676,8794.14741167773
"Durable Plastic Items - #2 and #5 Bulky Rigids","Contra Costa (Countywide)",728.130609579537,475.30181138868,0,35.922179437742,1239.35460040596
"Durable Plastic Items - Other","Contra Costa (Countywide)",3826.36112505565,182.370156872306,1.35937647739388,46.4299441105161,4056.52060251586
"Remainder / Composite Plastic","Contra Costa (Countywide)",15692.447305318,641.822959227953,10.2787300782647,113.131695887723,16457.680690512
"PETE Plastic Containers","Del Norte (Countywide)",53.4169047839444,28.4513926520027,0.18334417340698,4.02753521311861,86.0791768224726
"HDPE Plastic Containers","Del Norte (Countywide)",34.8379819697981,17.1400209411603,0.0378631725301499,0.343019769848063,52.3588858533366
"Miscellaneous Plastic Containers","Del Norte (Countywide)",31.3169941995984,11.8813538081984,0.0873568135185239,0.60180025561645,43.8875050769317
"Plastic Trash Bags","Del Norte (Countywide)",159.679699447548,3.89444744552678,0.063848220336206,0.397249543035432,164.035244656447
"Plastic Grocery and Other Merchandise Bags","Del Norte (Countywide)",30.1298593290409,4.46474547336573,0.0184144205928965,0.0070010608357113,34.6200202838353
"Non-Bag Commercial and Industrial Packaging Film","Del Norte (Countywide)",29.4750505602786,3.37051152126362,0.0398087368077951,3.23977058580931,36.1251414041593
"Film Products","Del Norte (Countywide)",1.05081564301444,1.00026700112198,0.0126994454885802,1.81946670558845,3.88324879521345
"Other Film - Other","Del Norte (Countywide)",173.290435028408,10.5373997061507,0.624754069134482,1.120699966124,185.573288769817
"Durable Plastic Items - #2 and #5 Bulky Rigids","Del Norte (Countywide)",14.6464613315149,10.867246401209,0,0.485317128469768,25.9990248611936
"Durable Plastic Items - Other","Del Norte (Countywide)",85.4526945839462,3.89081669785306,0.0089441021335473,0.59322538031249,89.9456807642453
"Remainder / Composite Plastic","Del Norte (Countywide)",313.735846394498,11.5510060093359,0.250556932804407,1.18366826400944,326.721077600648
"PETE Plastic Containers","El Dorado (Countywide)",317.876006868614,136.346165317208,1.67793333613557,47.8162321590256,503.716337680982
"HDPE Plastic Containers","El Dorado (Countywide)",238.952333339704,79.2360557709216,0.228313617249166,4.37338010601051,322.790082833885
"Miscellaneous Plastic Containers","El Dorado (Countywide)",172.798364204086,96.8604105501832,0.824376588809629,6.70350949905299,277.186660842132
"Plastic Trash Bags","El Dorado (Countywide)",1165.61830867176,21.5542117403903,0.521285465023242,3.58714150342527,1191.2809473806
"Plastic Grocery and Other Merchandise Bags","El Dorado (Countywide)",138.944508124623,20.9713420374826,0.163762561424954,0.0200591954083974,160.099671918939
"Non-Bag Commercial and Industrial Packaging Film","El Dorado (Countywide)",254.526119010558,46.6438265417189,0.351893467544549,28.2004193795514,329.722258399373
"Film Products","El Dorado (Countywide)",9.4843952101222,5.65262180640769,0.0667623863512274,16.8222647099302,32.0260441128113
"Other Film - Other","El Dorado (Countywide)",1210.74030887409,58.971336231051,5.21311686347591,9.60736165458068,1284.53212362319
"Durable Plastic Items - #2 and #5 Bulky Rigids","El Dorado (Countywide)",108.245845434981,59.8230459461515,0,3.8703392948861,171.939230676019
"Durable Plastic Items - Other","El Dorado (Countywide)",529.027111523505,24.8689401130694,0.175985373229968,6.73949117395691,560.811528183762
"Remainder / Composite Plastic","El Dorado (Countywide)",2353.25462221083,82.1111693193449,1.13132370215814,16.1985483958967,2452.69566362823
"PETE Plastic Containers","Fresno (Countywide)",1899.07760129905,888.912458456898,8.6987951267973,233.10325227234,3029.79210715508
"HDPE Plastic Containers","Fresno (Countywide)",1439.28234509644,460.115140747851,1.58767963901197,28.311704259357,1929.29686974266
"Miscellaneous Plastic Containers","Fresno (Countywide)",1148.74480304845,486.608148626275,4.7425367637262,17.1359554194372,1657.23144385789
"Plastic Trash Bags","Fresno (Countywide)",6825.78823809226,122.119396337467,2.63105897902288,15.1959331860026,6965.73462659475
"Plastic Grocery and Other Merchandise Bags","Fresno (Countywide)",918.33971538952,163.074072248491,0.706833895274424,0.151332768605739,1082.27195430189
"Non-Bag Commercial and Industrial Packaging Film","Fresno (Countywide)",2521.24572446567,275.059594533779,1.9460560110377,124.896254998226,2923.14763000871
"Film Products","Fresno (Countywide)",37.3763359025378,68.4291728224847,0.537566516199192,71.2692113598355,177.612286601057
"Other Film - Other","Fresno (Countywide)",8092.76233416974,341.810453437654,29.648880835947,22.996041284781,8487.21770972812
"Durable Plastic Items - #2 and #5 Bulky Rigids","Fresno (Countywide)",667.634205328398,421.325241388515,0,51.0009819300903,1139.960428647
"Durable Plastic Items - Other","Fresno (Countywide)",3498.9591283178,177.55584434218,0.65579071580887,26.5059783349144,3703.6767417107
"Remainder / Composite Plastic","Fresno (Countywide)",13546.1212311939,452.69628955832,8.79376579984447,84.7394593149389,14092.350745867
"PETE Plastic Containers","Glenn (Countywide)",44.6556555051405,22.9971284363941,0.1443439626387,5.66391472450504,73.4610426286784
"HDPE Plastic Containers","Glenn (Countywide)",30.8377106199434,12.1484567143865,0.0185371640719891,0.602324901858377,43.6070294002603
"Miscellaneous Plastic Containers","Glenn (Countywide)",27.5089035252979,9.30469074067065,0.0623475499016415,0.39697591789384,37.272917733764
"Plastic Trash Bags","Glenn (Countywide)",145.956338375753,3.1472932081263,0.0450958721969051,0.32312233601303,149.471849792089
"Plastic Grocery and Other Merchandise Bags","Glenn (Countywide)",23.9264767852334,3.42073517133622,0.0143530364701683,0.00681145224931306,27.3683764452891
"Non-Bag Commercial and Industrial Packaging Film","Glenn (Countywide)",66.8105123476386,5.34747206189607,0.0338177189911764,2.62696492140911,74.818767049935
"Film Products","Glenn (Countywide)",0.839006079240793,2.48987295984171,0.00540340456510691,1.55821360338829,4.89249604703591
"Other Film - Other","Glenn (Countywide)",178.572945601165,9.71506366125981,0.479534792225607,0.469809351267395,189.237353405918
"Durable Plastic Items - #2 and #5 Bulky Rigids","Glenn (Countywide)",15.4589969128913,9.28883460171478,0,0.956874477772887,25.7047059923789
"Durable Plastic Items - Other","Glenn (Countywide)",83.9446747708365,4.28707334291004,0.00581874826301799,0.656035560784726,88.8936024227943
"Remainder / Composite Plastic","Glenn (Countywide)",292.215777631658,9.01715643753272,0.117401598086443,2.44204047132858,303.792376138606
"PETE Plastic Containers","Humboldt (Countywide)",295.644275402428,139.83419962965,1.28583279197877,43.5676893508808,480.331997174938
"HDPE Plastic Containers","Humboldt (Countywide)",215.474159862414,76.3081634164745,0.244124098920769,3.65775657114892,295.684203948958
"Miscellaneous Plastic Containers","Humboldt (Countywide)",166.435058527068,70.9889853808703,0.671440185486943,4.42309396666306,242.518578060089
"Plastic Trash Bags","Humboldt (Countywide)",985.717797490299,19.2638680615374,0.384022965865006,3.49327668755417,1008.85896520526
"Plastic Grocery and Other Merchandise Bags","Humboldt (Countywide)",144.642071201126,25.5333432873776,0.158949894512329,0.0203846819526435,170.354749064968
"Non-Bag Commercial and Industrial Packaging Film","Humboldt (Countywide)",243.323503198158,33.4472119113653,0.294821139923076,28.0214863896036,305.08702263905
"Film Products","Humboldt (Countywide)",8.48997987660188,5.77017479293922,0.0755609782767624,16.2220134709915,30.5577291188093
"Other Film - Other","Humboldt (Countywide)",1102.09091197413,57.9393161991891,4.51351395773033,5.1208150336435,1169.6645571647
"Durable Plastic Items - #2 and #5 Bulky Rigids","Humboldt (Countywide)",85.3677316162012,63.225630670779,0,4.5815120733917,153.174874360372
"Durable Plastic Items - Other","Humboldt (Countywide)",483.225724225366,26.1078167065351,0.0797600471511505,6.0038189787258,515.417119957779
"Remainder / Composite Plastic","Humboldt (Countywide)",1906.08243271238,64.8357337503378,1.27155468571131,15.7813914809335,1987.97111262936
"PETE Plastic Containers","Imperial (Countywide)",347.775864950675,156.85094391301,1.15797806186515,40.5388141994772,546.323601125027
"HDPE Plastic Containers","Imperial (Countywide)",240.697409940806,83.0122005354686,0.165461620440401,4.44705332700357,328.322125423719
"Miscellaneous Plastic Containers","Imperial (Countywide)",193.378612595465,69.8922074157211,0.547090049717021,3.12145305855161,266.939363119455
"Plastic Trash Bags","Imperial (Countywide)",1128.27616790127,22.7662396808154,0.351692858378509,2.29188250123736,1153.6859829417
"Plastic Grocery and Other Merchandise Bags","Imperial (Countywide)",176.757111007632,34.9952842864531,0.0989174340544053,0.0294894589411751,211.880802187081
"Non-Bag Commercial and Industrial Packaging Film","Imperial (Countywide)",376.476117745099,34.4314914067913,0.267703901384697,19.7799796248291,430.955292678104
"Film Products","Imperial (Countywide)",5.38321544401639,14.9216599360716,0.0524014661969058,10.1399643649684,30.4972412112533
"Other Film - Other","Imperial (Countywide)",1280.66109048643,67.2658673261777,3.86733318731586,2.59092420664483,1354.38521520657
"Durable Plastic Items - #2 and #5 Bulky Rigids","Imperial (Countywide)",100.171931414228,73.4059454119078,0,7.50585341124044,181.083730237376
"Durable Plastic Items - Other","Imperial (Countywide)",659.659783579241,31.6286470259328,0.0611857895954031,3.7287345670551,695.078350961824
"Remainder / Composite Plastic","Imperial (Countywide)",2207.08829549292,73.005097415052,0.993422182315948,8.36093308946574,2289.44774817975
"PETE Plastic Containers","Inyo (Countywide)",61.7249421793013,29.4346586178569,0.193629008417314,8.35970984290486,99.7129396484803
"HDPE Plastic Containers","Inyo (Countywide)",41.7525150143938,17.4014190952116,0.0415775190737149,0.568342733960876,59.76385436264
"Miscellaneous Plastic Containers","Inyo (Countywide)",35.0562219200085,11.7847969148553,0.100980178835846,0.813441517466397,47.755440531166
"Plastic Trash Bags","Inyo (Countywide)",188.54936015554,4.44772106917496,0.0637897655498325,0.438539052040918,193.499410042306
"Plastic Grocery and Other Merchandise Bags","Inyo (Countywide)",30.9129038284747,4.27490866949998,0.0204749890546052,0.005596494883591,35.2138839819129
"Non-Bag Commercial and Industrial Packaging Film","Inyo (Countywide)",41.8116248164363,3.9239247368823,0.0439866834430686,3.53666854162062,49.3162047783823
"Film Products","Inyo (Countywide)",1.23576479659366,1.08090519948807,0.0139274919806499,2.04604443578486,4.37664192384724
"Other Film - Other","Inyo (Countywide)",204.422854441931,14.1735501078476,0.688173630688808,1.17809873354014,220.462676914007
"Durable Plastic Items - #2 and #5 Bulky Rigids","Inyo (Countywide)",18.4481400164224,11.8531182471674,0,0.705326349138636,31.0065846127285
"Durable Plastic Items - Other","Inyo (Countywide)",86.8084005796642,6.16080170590563,0.00861378017975152,0.654193248237402,93.632009313987
"Remainder / Composite Plastic","Inyo (Countywide)",351.25321225644,11.9723806592522,0.256792559740882,1.41506658233605,364.897452057769
"PETE Plastic Containers","Kern (Countywide)",1490.84633087028,659.34764833571,6.61363590587156,204.112034948687,2360.91965006055
"HDPE Plastic Containers","Kern (Countywide)",1134.36053964737,369.905592847571,1.04427498322693,21.8448359231545,1527.15524340133
"Miscellaneous Plastic Containers","Kern (Countywide)",849.417748460774,375.096860311051,3.39614488359437,19.8490605624269,1247.75981421785
"Plastic Trash Bags","Kern (Countywide)",5397.05288054065,98.958119753793,2.05058349306269,12.8676934065219,5510.92927719402
"Plastic Grocery and Other Merchandise Bags","Kern (Countywide)",723.313321898416,122.95251592464,0.582937831500164,0.15574982583216,847.004525480388
"Non-Bag Commercial and Industrial Packaging Film","Kern (Countywide)",1950.2691573417,214.572051088354,1.48151564270436,105.271918856293,2271.59464292905
"Film Products","Kern (Countywide)",31.3263261863045,78.8381995567372,0.334722130920847,59.4217218866862,169.920969760649
"Other Film - Other","Kern (Countywide)",6011.86336221085,288.744663559787,22.0179203488407,17.2014871410153,6339.82743326049
"Durable Plastic Items - #2 and #5 Bulky Rigids","Kern (Countywide)",494.240750187193,297.085762374568,0,26.9061302590538,818.232642820815
"Durable Plastic Items - Other","Kern (Countywide)",2985.69349096472,120.029040153593,0.515149791635051,25.3087033218473,3131.5463842318
"Remainder / Composite Plastic","Kern (Countywide)",10655.8622695101,348.535983045303,5.72970473781461,69.3341979653457,11079.4621552586
"PETE Plastic Containers","Kings (Countywide)",232.87797330849,97.9277773329607,0.874866105646891,25.8732458967263,357.553862643824
"HDPE Plastic Containers","Kings (Countywide)",163.683556259383,54.5134157447376,0.170303989737175,2.28242477023023,220.649700764088
"Miscellaneous Plastic Containers","Kings (Countywide)",142.198775333651,43.8214143838207,0.4781572025892,2.29448293441606,188.792829854477
"Plastic Trash Bags","Kings (Countywide)",819.830390696214,13.692068323004,0.289929813344549,1.6118360877511,835.424224920313
"Plastic Grocery and Other Merchandise Bags","Kings (Countywide)",100.24043174053,17.3843526085283,0.0743765785835802,0.023982374761324,117.723143302403
"Non-Bag Commercial and Industrial Packaging Film","Kings (Countywide)",375.74828056184,26.5779317594003,0.212681132489963,13.4414815838096,415.98037503754
"Film Products","Kings (Countywide)",4.15691811208197,9.40687824788945,0.0582960893588406,7.71791716229212,21.3400096116224
"Other Film - Other","Kings (Countywide)",1036.26624979938,36.8054382587158,3.20727165189155,4.95150452005422,1081.23046423004
"Durable Plastic Items - #2 and #5 Bulky Rigids","Kings (Countywide)",92.9506525645111,38.1687383082311,0,6.2979584651177,137.41734933786
"Durable Plastic Items - Other","Kings (Countywide)",407.303323867996,16.4189016573383,0.0448221481919813,2.57047453820341,426.33752221173
"Remainder / Composite Plastic","Kings (Countywide)",1593.41091583068,41.2563594200139,1.006692177253,7.10786871269194,1642.78183614064
"PETE Plastic Containers","Lake (Countywide)",119.314736702226,71.0782276531775,0.335051708786127,12.9922028906951,203.720218954885
"HDPE Plastic Containers","Lake (Countywide)",75.6043131470503,32.2358582078138,0.0849229040085222,1.17352087536238,109.098615134235
"Miscellaneous Plastic Containers","Lake (Countywide)",70.6830602002132,29.4628531097209,0.175393219211379,1.79204838333242,102.113354912478
"Plastic Trash Bags","Lake (Countywide)",343.87887966444,9.20632406834104,0.0856277829641982,1.45460870003234,354.625440215778
"Plastic Grocery and Other Merchandise Bags","Lake (Countywide)",71.5569283205376,10.8766379136873,0.0663822464719522,0.00284285168389666,82.5027913323808
"Non-Bag Commercial and Industrial Packaging Film","Lake (Countywide)",74.559412679728,6.96115351285753,0.0646399290740435,11.4198646210116,93.0050707426712
"Film Products","Lake (Countywide)",3.56194700444395,3.02357221167561,0.0248209867455981,6.78759177109763,13.3979319739628
"Other Film - Other","Lake (Countywide)",396.499317224113,24.0476751717299,1.11655412977797,2.86414245357029,424.527688979192
"Durable Plastic Items - #2 and #5 Bulky Rigids","Lake (Countywide)",27.6871121954163,31.7512718572852,0,2.2435228890236,61.6819069417251
"Durable Plastic Items - Other","Lake (Countywide)",187.453930683037,10.8938637358364,0.0169480571678297,2.18051761348887,200.54526008953
"Remainder / Composite Plastic","Lake (Countywide)",710.214701882354,27.7190931542314,0.44323209623508,3.99743562829824,742.374462761119
"PETE Plastic Containers","Lassen (Countywide)",47.7386628946153,24.4704705951622,0.169316240364724,5.92577640581318,78.3042261359554
"HDPE Plastic Containers","Lassen (Countywide)",35.5913940229552,17.3467133767608,0.0334121780907839,0.37948321073798,53.3510027885448
"Miscellaneous Plastic Containers","Lassen (Countywide)",28.3261291170987,10.0771322344645,0.0853953789807155,0.464275976344624,38.9529327068885
"Plastic Trash Bags","Lassen (Countywide)",148.02741653064,3.3621132978614,0.0659102291535308,0.41364815304595,151.869088210701
"Plastic Grocery and Other Merchandise Bags","Lassen (Countywide)",26.4941052492676,3.94898359288273,0.0189468711039987,0.00940007101208263,30.4714357842664
"Non-Bag Commercial and Industrial Packaging Film","Lassen (Countywide)",30.7986743343574,3.20194605427633,0.0387839574444261,3.35209041384835,37.3914947599265
"Film Products","Lassen (Countywide)",0.958156602674389,1.2902752283637,0.0108212567360029,1.89097796665833,4.15023105443242
"Other Film - Other","Lassen (Countywide)",157.442124748864,9.7800520667799,0.59560546069735,0.367650593145286,168.185432869487
"Durable Plastic Items - #2 and #5 Bulky Rigids","Lassen (Countywide)",14.7325933310252,10.8040539230006,0,0.379351615536311,25.9159988695621
"Durable Plastic Items - Other","Lassen (Countywide)",84.0647549804479,3.66509883999229,0.00703839855395626,0.5877135506296,88.3246057696238
"Remainder / Composite Plastic","Lassen (Countywide)",276.660438385388,10.2956688391042,0.230183259736498,1.35019591756578,288.536486401794
"PETE Plastic Containers","Los Angeles (Countywide)",27080.4782059748,14316.4309071347,131.21328006173,2946.38672221683,44474.509115388
"HDPE Plastic Containers","Los Angeles (Countywide)",20370.504140801,7138.76571919899,18.2628328491941,413.645194647451,27941.1778874966
"Miscellaneous Plastic Containers","Los Angeles (Countywide)",16286.5689323504,8655.762417716,64.4813307545689,672.227195122598,25679.0398759435
"Plastic Trash Bags","Los Angeles (Countywide)",91530.3655948017,1829.46562324597,38.2764946047708,188.55066801702,93586.6583806695
"Plastic Grocery and Other Merchandise Bags","Los Angeles (Countywide)",14607.29060403,2288.18551758239,8.63711002451034,1.82390108267361,16905.9371327196
"Non-Bag Commercial and Industrial Packaging Film","Los Angeles (Countywide)",27255.2827309685,4342.98247834437,25.9890352884918,1523.29676638314,33147.5510109845
"Film Products","Los Angeles (Countywide)",546.35606790442,529.508592808961,6.01209664460563,883.838887387847,1965.71564474583
"Other Film - Other","Los Angeles (Countywide)",106216.923923925,5467.25174925379,388.701844996868,335.033844570176,112407.911362746
"Durable Plastic Items - #2 and #5 Bulky Rigids","Los Angeles (Countywide)",9248.2272116633,6553.17851630933,0,547.812957214486,16349.2186851871
"Durable Plastic Items - Other","Los Angeles (Countywide)",48044.7376866271,2851.87118193177,13.4059132197533,667.889134309493,51577.9039160882
"Remainder / Composite Plastic","Los Angeles (Countywide)",194558.335670107,7761.0839122328,103.227503909789,1752.57500130959,204175.222087559
"PETE Plastic Containers","Madera (Countywide)",205.901595898575,87.38317728531,0.72499661789313,34.5277802921735,328.537550093952
"HDPE Plastic Containers","Madera (Countywide)",157.764251253671,53.1214689607043,0.226800972891842,2.98222651211718,214.094747699384
"Miscellaneous Plastic Containers","Madera (Countywide)",120.665956543595,43.0486826595919,0.498639740494052,4.06470192821099,168.277980871892
"Plastic Trash Bags","Madera (Countywide)",767.422368829299,15.5695683127862,0.246029601598756,1.96591518494165,785.203881928625
"Plastic Grocery and Other Merchandise Bags","Madera (Countywide)",98.3112549138755,14.5367074949911,0.0943906685688456,0.0201078318145592,112.96246090925
"Non-Bag Commercial and Industrial Packaging Film","Madera (Countywide)",261.519730009089,20.8645567097589,0.166487231956561,15.5794867866047,298.130260737409
"Film Products","Madera (Countywide)",5.40912173632521,12.1243525304797,0.0786238707040423,9.39683429708225,27.0089324345912
"Other Film - Other","Madera (Countywide)",799.168059966248,49.0291374282401,2.86830696358362,2.431502988631,853.497007346703
"Durable Plastic Items - #2 and #5 Bulky Rigids","Madera (Countywide)",63.9795363993414,42.4537320774723,0,4.25291050717642,110.68617898399
"Durable Plastic Items - Other","Madera (Countywide)",390.097138721257,24.5708307932954,0.0415443380350848,5.14257545803859,419.852089310626
"Remainder / Composite Plastic","Madera (Countywide)",1447.01954777884,44.642902991667,1.27534871407929,16.3086578119445,1509.24645729653
"PETE Plastic Containers","Marin (Countywide)",709.901802212166,336.237163349163,4.02743582101561,88.4616366122622,1138.62803799461
"HDPE Plastic Containers","Marin (Countywide)",558.133734308976,184.49633430311,0.549146493043779,9.97052509371818,753.149740198848
"Miscellaneous Plastic Containers","Marin (Countywide)",402.95467438006,239.000212820452,1.96158586076747,11.279240076391,655.19571313767
"Plastic Trash Bags","Marin (Countywide)",2551.0121733791,46.7902086976936,1.22025797519941,7.70452673046051,2606.72716678245
"Plastic Grocery and Other Merchandise Bags","Marin (Countywide)",344.737400404492,59.5412077514735,0.350870827312727,0.0373513122172189,404.666830295496
"Non-Bag Commercial and Industrial Packaging Film","Marin (Countywide)",615.845807978698,115.879862826041,0.824395583239448,61.6032626519778,794.153329039957
"Film Products","Marin (Countywide)",18.9358877749842,11.1678235660005,0.16681205644044,35.7346792223658,66.0052026197909
"Other Film - Other","Marin (Countywide)",2816.03978853316,128.870255189222,12.263155174497,12.2522697595979,2969.42546865648
"Durable Plastic Items - #2 and #5 Bulky Rigids","Marin (Countywide)",244.499763845973,159.851373400069,0,12.6448399551488,416.99597720119
"Durable Plastic Items - Other","Marin (Countywide)",1255.82195913893,61.7515524003248,0.431552927943657,14.2084318477356,1332.21349631494
"Remainder / Composite Plastic","Marin (Countywide)",5232.74858139049,207.15076447158,2.79915358490896,36.9256039410178,5479.62410338799
"PETE Plastic Containers","Mariposa (Countywide)",46.9603593690482,22.8398486065885,0.110851832644186,10.8818637160279,80.7929235243087
"HDPE Plastic Containers","Mariposa (Countywide)",31.2728982301603,11.9627335719032,0.0156031898263836,0.666731884445914,43.9179668763358
"Miscellaneous Plastic Containers","Mariposa (Countywide)",24.300791028612,8.13893030373736,0.0446164591536491,0.826799292869297,33.3111370843723
"Plastic Trash Bags","Mariposa (Countywide)",128.183693785224,4.15650632058384,0.0267862692899906,0.326289073342566,132.69327544844
"Plastic Grocery and Other Merchandise Bags","Mariposa (Countywide)",23.8837739385021,2.25140329905435,0.0149646347347236,0.000276424908552536,26.1504182971997
"Non-Bag Commercial and Industrial Packaging Film","Mariposa (Countywide)",13.2815896250136,1.62930584900735,0.0243582171754627,2.49647289308575,17.4317265842822
"Film Products","Mariposa (Countywide)",1.03883325072376,0.53248323143831,0.00413201525566999,1.54446653399897,3.11991503141671
"Other Film - Other","Mariposa (Countywide)",120.525904038352,17.315617815764,0.355407872653464,0.276322733750132,138.47325246052
"Durable Plastic Items - #2 and #5 Bulky Rigids","Mariposa (Countywide)",11.5751351657614,9.92633065013779,0,0.334666276365534,21.8361320922647
"Durable Plastic Items - Other","Mariposa (Countywide)",42.6297893638928,8.5783395578161,0.00424336663722272,0.505246494518577,51.7176187828647
"Remainder / Composite Plastic","Mariposa (Countywide)",210.570012824316,9.53424507160496,0.0808170020751567,0.925958852535735,221.111033750532
"PETE Plastic Containers","Mendocino (Countywide)",199.280798921663,97.8618332507347,0.85127028205365,29.6670909481362,327.660993402588
"HDPE Plastic Containers","Mendocino (Countywide)",143.045466844713,51.9489443024453,0.158004326489955,2.45223882539197,197.604654299041
"Miscellaneous Plastic Containers","Mendocino (Countywide)",117.821875487232,46.3422500007144,0.415081212636681,3.88218404827941,168.461390748863
"Plastic Trash Bags","Mendocino (Countywide)",674.092465536008,14.1244281529656,0.253280130677016,2.7531168307945,691.223290650445
"Plastic Grocery and Other Merchandise Bags","Mendocino (Countywide)",96.6477088620155,15.8112273092027,0.125170535317667,0.0136182938151332,112.597725000351
"Non-Bag Commercial and Industrial Packaging Film","Mendocino (Countywide)",201.103403069487,20.7354609438571,0.201960363765487,21.633101736759,243.673926113869
"Film Products","Mendocino (Countywide)",6.75958416566223,4.76839659361983,0.045726672322362,13.0344558257706,24.608163257375
"Other Film - Other","Mendocino (Countywide)",785.556240613377,41.4059372878375,3.05813715520283,3.97823483101572,833.998549887433
"Durable Plastic Items - #2 and #5 Bulky Rigids","Mendocino (Countywide)",61.9581808840357,44.8604153859662,0,4.53043153929377,111.349027809296
"Durable Plastic Items - Other","Mendocino (Countywide)",312.147175245338,20.5174039389156,0.044186913665451,4.9682361787341,337.677002276653
"Remainder / Composite Plastic","Mendocino (Countywide)",1290.29594037313,43.1044627957391,0.784555899555197,11.8050475502646,1345.99000661869
"PETE Plastic Containers","Merced (Countywide)",394.975015772002,184.613820295483,1.44932444999643,57.5075001841666,638.545660701647
"HDPE Plastic Containers","Merced (Countywide)",281.099144101606,82.3499451215306,0.254620298307257,4.94900929150895,368.652718812953
"Miscellaneous Plastic Containers","Merced (Countywide)",247.071619357402,81.2753620835511,0.798093774452322,3.34088383040401,332.485959045809
"Plastic Trash Bags","Merced (Countywide)",1357.61754811064,22.5876283317956,0.412541209396907,3.23331604456739,1383.8510336964
"Plastic Grocery and Other Merchandise Bags","Merced (Countywide)",182.155301852324,31.7786584670562,0.146040666647505,0.0210330530070658,214.101034039035
"Non-Bag Commercial and Industrial Packaging Film","Merced (Countywide)",724.999795073421,50.2817384782357,0.346138937273323,26.5983031442277,802.225975633157
"Film Products","Merced (Countywide)",7.72183929754254,19.0444228074666,0.0818890296123689,15.6286169553133,42.4767680899349
"Other Film - Other","Merced (Countywide)",1830.75147218099,71.4642829027083,5.14858604604429,3.89322069762635,1911.25756182736
"Durable Plastic Items - #2 and #5 Bulky Rigids","Merced (Countywide)",155.502658403052,77.770570766233,0,12.9936124075404,246.266841576825
"Durable Plastic Items - Other","Merced (Countywide)",693.889798202612,36.1307742750099,0.0737126144585816,5.91773115537596,736.012016247456
"Remainder / Composite Plastic","Merced (Countywide)",2669.38328321969,75.1619664714732,1.34970719791495,19.2116189337941,2765.10657582287
"PETE Plastic Containers","Modoc (Countywide)",16.6746648716389,9.12998276269164,0.0468456476265638,2.03011119192144,27.8816044738785
"HDPE Plastic Containers","Modoc (Countywide)",11.4946542511381,5.71787802139018,0.0138532785844471,0.15241919321069,17.3788047443234
"Miscellaneous Plastic Containers","Modoc (Countywide)",10.6416158488691,3.71924855588338,0.0288262638070505,0.2216237315964,14.611314400156
"Plastic Trash Bags","Modoc (Countywide)",53.9139882562999,1.26918733690443,0.0190718277954891,0.176275482201736,55.3785229032015
"Plastic Grocery and Other Merchandise Bags","Modoc (Countywide)",9.32369465051885,1.17568205666697,0.00826646762101346,0.00322312370229068,10.5108662985091
"Non-Bag Commercial and Industrial Packaging Film","Modoc (Countywide)",15.8126369807123,1.19099363084163,0.0095383309975113,1.37484600071674,18.3880149432682
"Film Products","Modoc (Countywide)",0.435812553581209,0.624841771546928,0.00443541497724017,0.839620869271077,1.90471060937645
"Other Film - Other","Modoc (Countywide)",60.2763804522134,3.16064637833805,0.168958611841154,0.363201029794004,63.9691864721866
"Durable Plastic Items - #2 and #5 Bulky Rigids","Modoc (Countywide)",5.58733033117243,3.75661829911964,0,0.266797465825455,9.61074609611752
"Durable Plastic Items - Other","Modoc (Countywide)",29.4156442371239,1.25124418708176,0.00233766305763168,0.26528193981659,30.9345080270799
"Remainder / Composite Plastic","Modoc (Countywide)",105.956525040088,3.593877302969,0.0886848901067734,0.564875612646279,110.20396284581
"PETE Plastic Containers","Mono (Countywide)",60.6081909454516,27.8050487365864,0.281915245306198,11.1149926100389,99.8101475373831
"HDPE Plastic Containers","Mono (Countywide)",41.6772932067129,15.8371678340827,0.00532032850871946,0.711277495245376,58.2310588645497
"Miscellaneous Plastic Containers","Mono (Countywide)",30.5898943740796,11.4967664235586,0.0820679783569197,0.851834280247177,43.0205630562423
"Plastic Trash Bags","Mono (Countywide)",180.728021006831,4.7650944239417,0.0757483484964917,0.316539333247249,185.885403112516
"Plastic Grocery and Other Merchandise Bags","Mono (Countywide)",28.3589758407326,3.28975565172962,0.0135618632756226,0.000707166174931802,31.6630005219128
"Non-Bag Commercial and Industrial Packaging Film","Mono (Countywide)",21.1063820338753,3.1638164141751,0.0731534807081858,2.52961484235747,26.8729667711161
"Film Products","Mono (Countywide)",1.01997343184845,0.693181448536131,0,1.45514086228132,3.16829574266591
"Other Film - Other","Mono (Countywide)",176.784323321097,19.2883704649956,0.902245548047949,0.531683615748816,197.50662294989
"Durable Plastic Items - #2 and #5 Bulky Rigids","Mono (Countywide)",15.2518361919653,11.836767967171,0,0.345842261577484,27.4344464207138
"Durable Plastic Items - Other","Mono (Countywide)",63.5975907485249,8.52079991817692,0.0109514432373832,0.46979573708453,72.5991378470237
"Remainder / Composite Plastic","Mono (Countywide)",304.711148483218,12.1420223286697,0.0284193602011295,0.885301963274539,317.766892135364
"PETE Plastic Containers","Monterey (Countywide)",961.937173304834,417.342864069529,4.17616936704342,137.103823191745,1520.56002993315
"HDPE Plastic Containers","Monterey (Countywide)",711.459623006297,229.67326536054,0.563456341691428,12.1526822067561,953.849026915285
"Miscellaneous Plastic Containers","Monterey (Countywide)",531.115009759206,212.1209375992,1.93228058328113,15.0876600599621,760.255888001649
"Plastic Trash Bags","Monterey (Countywide)",3366.0581608209,68.1197258471631,1.22367203115042,7.38054892501603,3442.78210762423
"Plastic Grocery and Other Merchandise Bags","Monterey (Countywide)",454.965037255033,70.0201437368265,0.333781927083736,0.0538423546281186,525.372805273572
"Non-Bag Commercial and Industrial Packaging Film","Monterey (Countywide)",1158.33786585813,102.672854223562,0.999632854375543,59.9698131269612,1321.98016606303
"Film Products","Monterey (Countywide)",19.0198188216096,51.9189189609116,0.178182322196427,34.0693839400659,105.186304044784
"Other Film - Other","Monterey (Countywide)",3687.80333659866,216.915137376744,14.24291540322,11.6829494109759,3930.6443387896
"Durable Plastic Items - #2 and #5 Bulky Rigids","Monterey (Countywide)",298.179674549074,185.025793932714,0,15.9631705831814,499.16863906497
"Durable Plastic Items - Other","Monterey (Countywide)",1723.92609257706,88.3518992828124,0.251984831984058,14.3409824620081,1826.87095915387
"Remainder / Composite Plastic","Monterey (Countywide)",6360.51534943602,207.26249244964,3.02289890549949,30.0912163667927,6600.89195715796
"PETE Plastic Containers","Napa (Countywide)",419.911831973884,191.982360166976,2.02214378653428,62.0264280909017,675.942764018296
"HDPE Plastic Containers","Napa (Countywide)",330.405843704362,99.824341016217,0.365388546216083,5.46835134347548,436.06392461027
"Miscellaneous Plastic Containers","Napa (Countywide)",275.41042604895,92.8334604990744,1.02589845780425,5.37063217670579,374.640417182534
"Plastic Trash Bags","Napa (Countywide)",1519.51423397369,28.2916770543529,0.60871059780211,4.0714371803303,1552.48605880617
"Plastic Grocery and Other Merchandise Bags","Napa (Countywide)",176.836980829335,26.2588525461643,0.191780101533463,0.0206859711785326,203.308299448211
"Non-Bag Commercial and Industrial Packaging Film","Napa (Countywide)",740.537829234137,55.6419271300006,0.494810774143623,32.1020226682373,828.776589806518
"Film Products","Napa (Countywide)",10.2492202941908,11.3630642458869,0.11997291847232,20.10491870436,41.8371761629101
"Other Film - Other","Napa (Countywide)",2034.38504020713,93.687841162276,7.36626571435038,3.50299503692422,2138.94214212068
"Durable Plastic Items - #2 and #5 Bulky Rigids","Napa (Countywide)",189.670555667408,90.105518491948,0,16.7338654403534,296.50993959971
"Durable Plastic Items - Other","Napa (Countywide)",594.286798003464,56.6115572634087,0.116425784022482,6.85014609682568,657.864927147721
"Remainder / Composite Plastic","Napa (Countywide)",2777.65083055463,90.7501799188625,1.91364978212854,18.3655998457475,2888.68026010137
"PETE Plastic Containers","Nevada (Countywide)",172.598997455922,78.6908851669265,0.888366732880606,29.0434024546521,281.221651810381
"HDPE Plastic Containers","Nevada (Countywide)",132.205548374669,44.1873154350746,0.176441084806751,2.36933149385797,178.938636388409
"Miscellaneous Plastic Containers","Nevada (Countywide)",96.0697116225157,47.0363618810699,0.473756056670896,8.04039545464222,151.620225014899
"Plastic Trash Bags","Nevada (Countywide)",620.235913886735,12.3894397805414,0.264160868862049,2.49668769083102,635.386202226969
"Plastic Grocery and Other Merchandise Bags","Nevada (Countywide)",79.8245529275285,12.6179400544093,0.114651049540635,0.00660979061488191,92.5637538220933
"Non-Bag Commercial and Industrial Packaging Film","Nevada (Countywide)",124.557166610715,20.7384478582095,0.200699096856725,19.3855188181907,164.881832383972
"Film Products","Nevada (Countywide)",6.46019548408318,3.24507180498403,0.0544819214305299,11.5869402998287,21.3466895103264
"Other Film - Other","Nevada (Countywide)",649.300940859181,37.4278394096601,3.12251195030788,3.72333280988878,693.574625029037
"Durable Plastic Items - #2 and #5 Bulky Rigids","Nevada (Countywide)",49.9433141611227,37.0159988203279,0,2.4446596214158,89.4039726028665
"Durable Plastic Items - Other","Nevada (Countywide)",270.952640459297,16.7400087820212,0.0676143630038902,6.8761115544706,294.636375158793
"Remainder / Composite Plastic","Nevada (Countywide)",1171.91999304886,42.9195795333904,0.864118968547082,9.59377132239226,1225.29746287319
"PETE Plastic Containers","Orange (Countywide)",9102.63453885923,4316.55270030236,49.9835150656326,1080.39441282553,14549.5651670527
"HDPE Plastic Containers","Orange (Countywide)",7019.43202860524,2192.03359432103,5.79953927932892,158.805354634364,9376.07051683997
"Miscellaneous Plastic Containers","Orange (Countywide)",5237.39994801062,3193.22472394289,24.242816477596,425.8768789148,8880.74436734591
"Plastic Trash Bags","Orange (Countywide)",32845.5171393598,590.131687241272,14.8039395278984,62.0196849872085,33512.4724511161
"Plastic Grocery and Other Merchandise Bags","Orange (Countywide)",4481.76327639887,740.251079998964,2.76921223497104,0.557952094014919,5225.34152072682
"Non-Bag Commercial and Industrial Packaging Film","Orange (Countywide)",9099.36092273441,1771.39047676426,9.6768338699297,498.694668543452,11379.1229019121
"Film Products","Orange (Countywide)",202.122905964328,129.073928628712,1.87551594550629,285.782744878606,618.855095417153
"Other Film - Other","Orange (Countywide)",36456.6607903412,1800.32113242038,141.774516415653,142.366988454468,38541.1234276317
"Durable Plastic Items - #2 and #5 Bulky Rigids","Orange (Countywide)",3305.5109447548,1971.53542384572,0,165.538078377213,5442.58444697773
"Durable Plastic Items - Other","Orange (Countywide)",16676.9699348257,954.678112738864,6.06682005031862,345.770080080637,17983.4849476956
"Remainder / Composite Plastic","Orange (Countywide)",70797.8612209033,2809.12028463548,31.1951736994957,681.713758240667,74319.8904374789
"PETE Plastic Containers","Placer (Countywide)",908.218138560258,358.6603621513,4.90940153028285,105.855437659933,1377.64333990177
"HDPE Plastic Containers","Placer (Countywide)",703.186107980204,205.737895768608,0.733127313148528,12.3078743495962,921.965005411556
"Miscellaneous Plastic Containers","Placer (Countywide)",477.968740734329,262.103991868197,2.48201308913415,40.1459199393184,782.700665630978
"Plastic Trash Bags","Placer (Countywide)",3275.62850890217,53.1603792826234,1.48146716148689,8.30494333369183,3338.57529867997
"Plastic Grocery and Other Merchandise Bags","Placer (Countywide)",396.926791236395,82.7342051995144,0.369588438281432,0.0421838852007225,480.072768759391
"Non-Bag Commercial and Industrial Packaging Film","Placer (Countywide)",765.838829291266,146.433968101133,1.05465562327028,68.1535038899251,981.480956905594
"Film Products","Placer (Countywide)",22.4959704261089,12.5154037526013,0.238790028481516,36.7401351005177,71.9902993077094
"Other Film - Other","Placer (Countywide)",3539.36950733611,147.792604177106,15.7081772785989,18.8248000689097,3721.69508886073
"Durable Plastic Items - #2 and #5 Bulky Rigids","Placer (Countywide)",295.439954121462,167.435866420969,0,12.1716729456252,475.047493488056
"Durable Plastic Items - Other","Placer (Countywide)",1656.66639362005,63.4332094049523,0.487606022564695,30.2109541225602,1750.79816317013
"Remainder / Composite Plastic","Placer (Countywide)",6622.33936236957,234.591463265093,3.79418804470641,37.6557423375876,6898.38075601696
"PETE Plastic Containers","Plumas (Countywide)",35.1601382658215,18.2816641130009,0.126148524088139,5.2991207228896,58.8670716258001
"HDPE Plastic Containers","Plumas (Countywide)",24.9935967760848,10.7304512766149,0.0383948390195721,0.418615668347392,36.1810585600667
"Miscellaneous Plastic Containers","Plumas (Countywide)",21.0561246503083,8.84633940493046,0.0820362617150898,0.557094661988896,30.5415949789427
"Plastic Trash Bags","Plumas (Countywide)",117.878084437936,2.6361124137337,0.0430475262986202,0.421814984377488,120.979059362346
"Plastic Grocery and Other Merchandise Bags","Plumas (Countywide)",18.7996314969363,2.53260301249828,0.0200537807228108,0.0040599715646897,21.3563482617221
"Non-Bag Commercial and Industrial Packaging Film","Plumas (Countywide)",23.352223009915,3.24318996781406,0.0260924591750102,3.2856768690984,29.9071823060025
"Film Products","Plumas (Countywide)",1.1473828893921,0.717640947878266,0.0126849978827911,2.02701725590832,3.90472609106147
"Other Film - Other","Plumas (Countywide)",121.700138514347,7.72536175500283,0.463823002269338,0.836148006930277,130.72547127855
"Durable Plastic Items - #2 and #5 Bulky Rigids","Plumas (Countywide)",9.81576318673268,7.9594492017945,0,0.42963406312725,18.2048464516544
"Durable Plastic Items - Other","Plumas (Countywide)",56.87612022204,3.72350814013932,0.00835968636913938,0.8957999798404,61.5037880283889
"Remainder / Composite Plastic","Plumas (Countywide)",234.823993532731,8.10641934131978,0.218460998980835,3.26665082641156,246.415524699443
"PETE Plastic Containers","Riverside (Countywide)",4113.47282997132,1911.04041662665,18.8737128765303,565.841139818218,6609.22809929272
"HDPE Plastic Containers","Riverside (Countywide)",3008.82355774961,1053.90487086062,2.61513412595428,61.4729225895989,4126.81648532579
"Miscellaneous Plastic Containers","Riverside (Countywide)",2282.74904393158,956.288783079303,8.77310132898423,81.9449824614304,3329.7559108013
"Plastic Trash Bags","Riverside (Countywide)",13712.6472942574,266.735730062217,5.50554213408756,35.1367293732084,14020.0252958269
"Plastic Grocery and Other Merchandise Bags","Riverside (Countywide)",2011.7415656344,363.297225065315,1.57060585939038,0.374186123019004,2376.98358268212
"Non-Bag Commercial and Industrial Packaging Film","Riverside (Countywide)",3266.76247018373,528.710008253831,4.48971604928311,288.006835295152,4087.969029782
"Film Products","Riverside (Countywide)",93.8724608276002,69.6228933125707,0.825333928305608,161.150857130274,325.471545198751
"Other Film - Other","Riverside (Countywide)",15012.0638973388,841.898036903783,64.2653165145017,61.8996550391193,15980.1269057962
"Durable Plastic Items - #2 and #5 Bulky Rigids","Riverside (Countywide)",1159.57941362867,893.766236491492,0,60.6075403926314,2113.95319051279
"Durable Plastic Items - Other","Riverside (Countywide)",6883.00272099918,403.638215855809,1.07695120689849,87.4637547490792,7375.18164281097
"Remainder / Composite Plastic","Riverside (Countywide)",26891.0394867949,899.524540772801,14.2876104484482,240.549588243317,28045.4012262595
"PETE Plastic Containers","Sacramento (Countywide)",3314.74573338345,1581.5676762658,17.029636244201,374.076383402663,5287.41942929611
"HDPE Plastic Containers","Sacramento (Countywide)",2576.61015206275,1001.66587740194,2.62666621422804,50.2696971622458,3631.17239284116
"Miscellaneous Plastic Containers","Sacramento (Countywide)",1982.26236235265,1060.37562331858,8.90968334392235,63.4043485416906,3114.95201755684
"Plastic Trash Bags","Sacramento (Countywide)",12067.5716552258,223.549264957109,5.91786696823606,25.761604245812,12322.800391397
"Plastic Grocery and Other Merchandise Bags","Sacramento (Countywide)",1672.58392845321,284.297118465674,1.18912682024983,0.512552074420392,1958.58272581355
"Non-Bag Commercial and Industrial Packaging Film","Sacramento (Countywide)",2799.28952555242,535.984588584831,3.38374262866258,210.006385173864,3548.66424193978
"Film Products","Sacramento (Countywide)",66.4530270188578,53.9283634329146,0.873531141217899,117.893008952963,239.147930545953
"Other Film - Other","Sacramento (Countywide)",12853.7539285547,585.158324317004,51.6680742284878,40.201644066081,13530.7819711662
"Durable Plastic Items - #2 and #5 Bulky Rigids","Sacramento (Countywide)",1205.55865663426,739.101282349025,0,61.1441333047669,2005.80407228806
"Durable Plastic Items - Other","Sacramento (Countywide)",6283.76875696118,295.136010954105,1.86901243333865,63.3692002237478,6644.14298057237
"Remainder / Composite Plastic","Sacramento (Countywide)",24570.2760845655,972.070509329687,16.1565167012968,140.553762046966,25699.0568726435
"PETE Plastic Containers","San Benito (Countywide)",78.853243915791,41.9853876739042,0.320077687745043,18.5942394105591,139.752948687999
"HDPE Plastic Containers","San Benito (Countywide)",58.7204358365207,20.1105799731391,0.0841849972079343,1.11846697255772,80.0336677794254
"Miscellaneous Plastic Containers","San Benito (Countywide)",50.1187455734824,23.0479854091826,0.153371332936359,5.63974241609863,78.9598447317
"Plastic Trash Bags","San Benito (Countywide)",294.435490775512,6.39693022384429,0.0932498345386337,2.98403411021022,303.909704944105
"Plastic Grocery and Other Merchandise Bags","San Benito (Countywide)",36.2987015252945,5.70734116902648,0.133537101399356,0.00667459739419318,42.1462543931145
"Non-Bag Commercial and Industrial Packaging Film","San Benito (Countywide)",129.525502945479,11.6962757045313,0.0715768970722335,22.6699276333917,163.963283180475
"Film Products","San Benito (Countywide)",7.03900635934348,3.17647996150669,0.0145053962122121,14.2957804543926,24.525772171455
"Other Film - Other","San Benito (Countywide)",381.069033675014,15.8994282552098,1.23104024155402,3.16616512402654,401.365667295804
"Durable Plastic Items - #2 and #5 Bulky Rigids","San Benito (Countywide)",29.2030765032786,19.8959867548615,0,2.74754089896781,51.8466041571079
"Durable Plastic Items - Other","San Benito (Countywide)",136.270462992887,8.54339862597658,0.0211151956618688,6.66178469554901,151.496761510075
"Remainder / Composite Plastic","San Benito (Countywide)",588.782291706533,18.4951101832807,0.246442804549956,12.4805009403213,620.004345634685
"PETE Plastic Containers","San Bernardino (Countywide)",3763.12773774063,1714.48323505654,17.6073402062668,504.528782020418,5999.74709502385
"HDPE Plastic Containers","San Bernardino (Countywide)",2850.13084553351,935.257378923077,3.21812300674967,78.6193199530158,3867.22566741635
"Miscellaneous Plastic Containers","San Bernardino (Countywide)",2184.13646394799,923.318292097778,9.33755056843635,68.7325832423941,3185.5248898566
"Plastic Trash Bags","San Bernardino (Countywide)",13498.2247716188,243.034905079745,5.2740090755352,31.6835438315615,13778.2172296057
"Plastic Grocery and Other Merchandise Bags","San Bernardino (Countywide)",1826.1255933582,359.044573186848,1.44903081816542,0.586814245293174,2187.20601160851
"Non-Bag Commercial and Industrial Packaging Film","San Bernardino (Countywide)",3769.5055371609,698.013945361691,4.07515338220945,262.7950406829,4734.3896765877
"Film Products","San Bernardino (Countywide)",85.1982466795576,63.5855596886018,1.08995627593796,145.761264841784,295.635027485881
"Other Film - Other","San Bernardino (Countywide)",14898.864437444,716.186807092499,61.5189854716016,51.7709700539945,15728.3412000621
"Durable Plastic Items - #2 and #5 Bulky Rigids","San Bernardino (Countywide)",1140.18726596357,835.796372145209,0,76.8140344383737,2052.79767254715
"Durable Plastic Items - Other","San Bernardino (Countywide)",6961.92250548944,403.298273409041,1.16141198954597,82.9424024682003,7449.32459335623
"Remainder / Composite Plastic","San Bernardino (Countywide)",26922.5158792306,867.61981029085,17.7578689571353,265.249735799857,28073.1432942784
"PETE Plastic Containers","San Diego (Countywide)",9136.79004510645,4581.94692531106,47.0378929600527,1062.27321510607,14828.0480784836
"HDPE Plastic Containers","San Diego (Countywide)",6898.47241897729,2364.61692283543,5.86604564034045,128.308223458514,9397.26361091157
"Miscellaneous Plastic Containers","San Diego (Countywide)",5233.50680337076,3008.42408021012,22.850479011428,320.436391417213,8585.21775400951
"Plastic Trash Bags","San Diego (Countywide)",30918.9223057474,593.936593201443,13.8575679121016,62.0446213172576,31588.7610881782
"Plastic Grocery and Other Merchandise Bags","San Diego (Countywide)",4740.30403941325,745.136242314336,2.80024581623613,0.446892191463409,5488.68741973529
"Non-Bag Commercial and Industrial Packaging Film","San Diego (Countywide)",7702.73633456403,1441.92341489125,9.23483864759048,501.839223064768,9655.73381116764
"Film Products","San Diego (Countywide)",183.643900138051,136.797980129266,1.91277632083627,282.373556050995,604.728212639148
"Other Film - Other","San Diego (Countywide)",34517.7913674446,1827.44451350716,136.090986478839,124.279632708368,36605.606500139
"Durable Plastic Items - #2 and #5 Bulky Rigids","San Diego (Countywide)",3077.15129747766,2014.68988442641,0,129.070956030612,5220.91213793469
"Durable Plastic Items - Other","San Diego (Countywide)",15833.368062441,843.147549569721,5.18539403068617,259.334551947756,16941.0355579892
"Remainder / Composite Plastic","San Diego (Countywide)",65065.1140748956,2663.41699580145,32.8386408631183,470.122266364255,68231.4919779244
"PETE Plastic Containers","San Francisco (Countywide)",4388.47100439024,2313.15216775863,27.0579898645927,484.80176342171,7213.48292543516
"HDPE Plastic Containers","San Francisco (Countywide)",3406.51057028758,1124.92757760451,1.9230950340997,73.9951684520006,4607.35641137819
"Miscellaneous Plastic Containers","San Francisco (Countywide)",2562.33013995848,1956.40047636203,12.5175663048474,52.5530433632841,4583.80122598864
"Plastic Trash Bags","San Francisco (Countywide)",15751.9964404071,297.811958210378,8.13568817578289,20.2681939636548,16078.2122807569
"Plastic Grocery and Other Merchandise Bags","San Francisco (Countywide)",2324.29722483889,320.90518243751,0.922337259935869,0.162722173206804,2646.28746670954
"Non-Bag Commercial and Industrial Packaging Film","San Francisco (Countywide)",3879.33637657726,929.513974297937,4.50217106000713,165.664856417198,4979.01737835241
"Film Products","San Francisco (Countywide)",57.7862626659035,59.3533253128239,0.584448996984679,92.6209101760991,210.344947151811
"Other Film - Other","San Francisco (Countywide)",17316.0306254412,865.949607669731,64.1506689785868,43.687366945228,18289.8182690348
"Durable Plastic Items - #2 and #5 Bulky Rigids","San Francisco (Countywide)",1776.4411837749,982.037972158185,0,74.4859368649366,2832.96509279802
"Durable Plastic Items - Other","San Francisco (Countywide)",7861.52823643976,411.766856159867,4.25200582678354,45.9287213596555,8323.47581978606
"Remainder / Composite Plastic","San Francisco (Countywide)",34712.1681814688,1652.4148203396,10.9178675226623,109.186357068703,36484.6872263998
"PETE Plastic Containers","San Joaquin (Countywide)",1179.27976190395,533.3825177919,5.1705195757059,161.573170529726,1879.40596980128
"HDPE Plastic Containers","San Joaquin (Countywide)",893.628670784386,276.612231220196,0.926971254272234,21.7225165042072,1192.89038976306
"Miscellaneous Plastic Containers","San Joaquin (Countywide)",703.397823143094,273.602293849972,2.74559275454404,15.9609258969792,995.70663564459
"Plastic Trash Bags","San Joaquin (Countywide)",4190.08001672743,72.7549200607948,1.52744472595414,10.0023804828417,4274.36476199702
"Plastic Grocery and Other Merchandise Bags","San Joaquin (Countywide)",555.419826413603,106.499091810483,0.455297447078825,0.149881483538595,662.524097154704
"Non-Bag Commercial and Industrial Packaging Film","San Joaquin (Countywide)",1586.15366746286,205.358421026952,1.20837252777563,82.7999041279993,1875.52036514558
"Film Products","San Joaquin (Countywide)",25.5238520584872,32.3555129136461,0.308470831202133,46.8382360991077,105.026071902443
"Other Film - Other","San Joaquin (Countywide)",5021.23794352395,218.430475020866,18.1412065353371,14.2978839348707,5272.10750901502
"Durable Plastic Items - #2 and #5 Bulky Rigids","San Joaquin (Countywide)",409.406640015997,252.698498935339,0,29.9448227509454,692.049961702281
"Durable Plastic Items - Other","San Joaquin (Countywide)",2164.04583694477,120.995418229932,0.32694250611464,22.0023350885652,2307.37053276938
"Remainder / Composite Plastic","San Joaquin (Countywide)",8318.7748013453,255.769528653942,5.01274801018929,73.8857056899448,8653.44278369937
"PETE Plastic Containers","San Luis Obispo (Countywide)",676.958003232007,304.80923642757,3.60626732088422,92.3994813868459,1077.77298836731
"HDPE Plastic Containers","San Luis Obispo (Countywide)",517.208489582372,175.84779063722,0.501266182602407,9.06468709620835,702.622233498403
"Miscellaneous Plastic Containers","San Luis Obispo (Countywide)",384.690417599559,170.646095211824,1.69371569968542,15.8997226101194,572.929951121187
"Plastic Trash Bags","San Luis Obispo (Countywide)",2391.30161102289,44.6725788525415,1.09018205651444,6.34033833316642,2443.40471026511
"Plastic Grocery and Other Merchandise Bags","San Luis Obispo (Countywide)",314.799780707146,55.9088011325948,0.287403610516721,0.0449574711204664,371.040942921378
"Non-Bag Commercial and Industrial Packaging Film","San Luis Obispo (Countywide)",619.462785141141,84.8351267340448,0.857897985503433,51.2095989459851,756.365408806674
"Film Products","San Luis Obispo (Countywide)",16.4082944077393,13.8721842123988,0.159703834392224,29.3066565199584,59.7468389744887
"Other Film - Other","San Luis Obispo (Countywide)",2647.33823311969,139.732002127068,12.3054727304167,8.40916823241261,2807.78487620958
"Durable Plastic Items - #2 and #5 Bulky Rigids","San Luis Obispo (Countywide)",212.92871212083,145.860512525835,0,12.8810099429736,371.670234589639
"Durable Plastic Items - Other","San Luis Obispo (Countywide)",1120.14033870947,67.897318990756,0.237806397351901,15.9027260524468,1204.17819015003
"Remainder / Composite Plastic","San Luis Obispo (Countywide)",4563.00024310489,160.736356008433,2.70012228261751,34.924705568456,4761.3614269644
"PETE Plastic Containers","San Mateo (Countywide)",2297.63068325779,1118.1128335181,13.6257957707497,273.259923333679,3702.62923588032
"HDPE Plastic Containers","San Mateo (Countywide)",1870.37551175552,571.011718812503,1.31448956759845,38.5034676345229,2481.20518777014
"Miscellaneous Plastic Containers","San Mateo (Countywide)",1321.90751742484,969.713380954018,6.49125561854349,83.9139978511201,2382.02615184852
"Plastic Trash Bags","San Mateo (Countywide)",8424.46702552956,149.331640822857,4.10538795175075,17.0850061240823,8594.98906042825
"Plastic Grocery and Other Merchandise Bags","San Mateo (Countywide)",1168.14307612683,174.793600816509,0.762452056955414,0.118247858470775,1343.81737685877
"Non-Bag Commercial and Industrial Packaging Film","San Mateo (Countywide)",2618.87579545419,519.279302185795,2.33957128657139,136.159234011685,3276.65390293825
"Film Products","San Mateo (Countywide)",50.6964192322952,49.1465687804226,0.393769495780719,79.6676785825015,179.904436091
"Other Film - Other","San Mateo (Countywide)",9490.82748948926,458.948790632363,34.4838460574149,26.8357794746138,10011.0959056537
"Durable Plastic Items - #2 and #5 Bulky Rigids","San Mateo (Countywide)",952.436947026878,489.912947381491,0,36.4903480030803,1478.84024241145
"Durable Plastic Items - Other","San Mateo (Countywide)",4487.37543101279,225.186264850157,2.06583349903881,75.7786184951403,4790.40614785712
"Remainder / Composite Plastic","San Mateo (Countywide)",18778.7409243927,819.292995432537,6.76963170534225,174.234057526463,19779.0376090571
"PETE Plastic Containers","Santa Barbara (Countywide)",1139.79336856114,535.582515018535,5.85582575802448,164.883024530625,1846.11473386833
"HDPE Plastic Containers","Santa Barbara (Countywide)",857.580873381382,289.484971854209,0.771529813664864,16.2167075977217,1164.05408264698
"Miscellaneous Plastic Containers","Santa Barbara (Countywide)",648.502276189565,314.250855223033,2.78815034738465,47.2349089837082,1012.77619074369
"Plastic Trash Bags","Santa Barbara (Countywide)",4038.09469944772,78.4923725910683,1.73008059738544,10.167687516291,4128.48484015246
"Plastic Grocery and Other Merchandise Bags","Santa Barbara (Countywide)",551.681173677795,85.6225672112086,0.458693997815473,0.0594318411806807,637.821866727999
"Non-Bag Commercial and Industrial Packaging Film","Santa Barbara (Countywide)",1086.35655622373,147.357150129463,1.31960050329206,80.3905903621491,1315.42389721863
"Film Products","Santa Barbara (Countywide)",28.6407518003016,33.8190949214569,0.24179513048564,46.9634708191953,109.665112671439
"Other Film - Other","Santa Barbara (Countywide)",4384.37097167711,248.076017752953,19.0135572609976,16.1067304866832,4667.56727717775
"Durable Plastic Items - #2 and #5 Bulky Rigids","Santa Barbara (Countywide)",357.165159969231,245.334962597513,0,18.7830205014876,621.283143068232
"Durable Plastic Items - Other","Santa Barbara (Countywide)",1952.47527966961,112.471545752023,0.463060560459562,38.5739702223932,2103.98385620449
"Remainder / Composite Plastic","Santa Barbara (Countywide)",7940.61676854825,290.992306450969,4.0896818096091,62.0308532491603,8297.72961005799
"PETE Plastic Containers","Santa Clara (Countywide)",5515.48474896671,2750.04860942905,32.5534316111945,658.101653507203,8956.18844351416
"HDPE Plastic Containers","Santa Clara (Countywide)",4418.3746689288,1318.58908038039,3.42887227708457,112.071593012768,5852.46421459904
"Miscellaneous Plastic Containers","Santa Clara (Countywide)",3293.10358634151,2419.31701576822,16.4671303451465,1045.75798342423,6774.6457158791
"Plastic Trash Bags","Santa Clara (Countywide)",20692.1033721389,352.345833952836,9.78004022401832,39.4686807751134,21093.6979270909
"Plastic Grocery and Other Merchandise Bags","Santa Clara (Countywide)",2853.2369695575,439.1422172899,1.59857446671953,0.296583235011517,3294.27434454913
"Non-Bag Commercial and Industrial Packaging Film","Santa Clara (Countywide)",6054.54144184486,1331.47881466226,5.29889760043562,287.632127323051,7678.9512814306
"Film Products","Santa Clara (Countywide)",171.77525015435,80.2229165194175,1.08744239253066,162.468778540835,415.554387607134
"Other Film - Other","Santa Clara (Countywide)",23142.6604500924,1087.48511296174,80.104182204,61.4233343412768,24371.6730795995
"Durable Plastic Items - #2 and #5 Bulky Rigids","Santa Clara (Countywide)",2292.61304458684,1195.52494187451,0,84.9187057163395,3573.0566921777
"Durable Plastic Items - Other","Santa Clara (Countywide)",11507.7122709011,503.549936623764,5.23705130238362,662.827013970845,12679.3262727981
"Remainder / Composite Plastic","Santa Clara (Countywide)",46959.670291152,2201.44820135975,18.2041772466656,338.128144651405,49517.4508144098
"PETE Plastic Containers","Santa Cruz (Countywide)",584.178527062252,279.175763377908,3.03679815210144,88.9405826621901,955.331671254452
"HDPE Plastic Containers","Santa Cruz (Countywide)",444.2017557865,148.753131087794,0.46364367908025,7.97001420855085,601.388544761925
"Miscellaneous Plastic Containers","Santa Cruz (Countywide)",339.824996370208,152.160395053116,1.47920885796886,20.1360784412266,513.600678722519
"Plastic Trash Bags","Santa Cruz (Countywide)",2091.19228918865,39.421831031156,0.884283558619569,7.26330896878212,2138.7617127472
"Plastic Grocery and Other Merchandise Bags","Santa Cruz (Countywide)",276.943520332108,45.8370867599532,0.329249530053811,0.0280266428993027,323.137883265014
"Non-Bag Commercial and Industrial Packaging Film","Santa Cruz (Countywide)",600.660215878409,70.4763366606434,0.721129355084573,57.014749085181,728.872430979318
"Film Products","Santa Cruz (Countywide)",18.3606054766887,17.493528149918,0.13879814881546,33.9600525352632,69.9529843106853
"Other Film - Other","Santa Cruz (Countywide)",2360.74778744322,114.955178255584,10.5284341809752,10.566923468438,2496.79832334822
"Durable Plastic Items - #2 and #5 Bulky Rigids","Santa Cruz (Countywide)",180.694773015744,135.219729596779,0,12.0339283836177,327.948430996141
"Durable Plastic Items - Other","Santa Cruz (Countywide)",993.796284982224,52.9012764174805,0.191332639390941,19.1959724436302,1066.08486648273
"Remainder / Composite Plastic","Santa Cruz (Countywide)",4055.44753429106,138.186187276335,2.29038204478092,34.2898681189936,4230.21397173117
"PETE Plastic Containers","Shasta (Countywide)",389.211876294985,178.468062559806,1.72439832502237,46.6718936055553,616.076230785369
"HDPE Plastic Containers","Shasta (Countywide)",292.295575491373,100.927583463666,0.384273195702578,5.17428508897713,398.781717239719
"Miscellaneous Plastic Containers","Shasta (Countywide)",218.630328110249,98.7238337535022,0.997185588777703,5.18233615528506,323.533683607814
"Plastic Trash Bags","Shasta (Countywide)",1326.38101501607,24.9050806661605,0.532835080238874,3.43433815473173,1355.2532689172
"Plastic Grocery and Other Merchandise Bags","Shasta (Countywide)",194.369441227316,36.9076591031282,0.160117564946009,0.0301822985557567,231.467400193946
"Non-Bag Commercial and Industrial Packaging Film","Shasta (Countywide)",293.906826904045,49.3624729017258,0.37530573453844,28.3957432689053,372.040348809215
"Film Products","Shasta (Countywide)",8.60800051086988,6.7498030737545,0.132195592969862,15.5698722511208,31.059871428715
"Other Film - Other","Shasta (Countywide)",1433.78114292903,71.1180987720057,6.01310194401205,5.65340261380205,1516.56574625885
"Durable Plastic Items - #2 and #5 Bulky Rigids","Shasta (Countywide)",111.08997368885,84.6056835686959,0,6.053654254175,201.749311511721
"Durable Plastic Items - Other","Shasta (Countywide)",684.668934918471,34.1026358626525,0.130578809273578,6.51170976186801,725.413859352265
"Remainder / Composite Plastic","Shasta (Countywide)",2611.31714923834,92.7047435224404,2.15734315698695,18.2952668972579,2724.47450281503
"PETE Plastic Containers","Sierra (Countywide)",1.47990180824734,0.894439101123434,0.00203510011327055,0.0484885140530454,2.42486452353709
"HDPE Plastic Containers","Sierra (Countywide)",0.920667352961633,0.599167809420133,1.62620038791769e-05,0.0159359785550798,1.53578740294073
"Miscellaneous Plastic Containers","Sierra (Countywide)",0.968240906389448,0.395412360855268,0.000593563141589958,0.00106781426236076,1.36531464464867
"Plastic Trash Bags","Sierra (Countywide)",4.16232991430617,0.121773146687845,0.00148994805777076,0.000607527256959855,4.28620053630875
"Plastic Grocery and Other Merchandise Bags","Sierra (Countywide)",1.00597881348566,0.15845428801663,0,0.000461195331477262,1.16489429683376
"Non-Bag Commercial and Industrial Packaging Film","Sierra (Countywide)",0.896138266955411,0.10223713504818,0,0.0113265005883332,1.00970190259192
"Film Products","Sierra (Countywide)",0.00295623022518031,0.040307415300411,0,0.000880197631759743,0.0441438431573511
"Other Film - Other","Sierra (Countywide)",4.35555480240924,0.277102246163814,0.000436070613657271,0.00141831206166312,4.63451143124838
"Durable Plastic Items - #2 and #5 Bulky Rigids","Sierra (Countywide)",0.527896773254371,0.406084092244196,0,0.0350373520997995,0.969018217598366
"Durable Plastic Items - Other","Sierra (Countywide)",3.15545157294153,0.159822946453547,0.000406550096979423,1.73033370621549e-06,3.31568279982576
"Remainder / Composite Plastic","Sierra (Countywide)",9.36122928559617,0.44113617631283,0.00359844294871982,0.00321501976587759,9.8091789246236
"PETE Plastic Containers","Siskiyou (Countywide)",80.7520505751341,44.8244422228492,0.336307749619731,11.3002334312694,137.213033978873
"HDPE Plastic Containers","Siskiyou (Countywide)",57.2990150514849,23.1145105964318,0.05997040839478,0.872225260599148,81.3457213169106
"Miscellaneous Plastic Containers","Siskiyou (Countywide)",47.5598246393497,20.2617492685976,0.168890816128458,0.869982557504631,68.8604472815805
"Plastic Trash Bags","Siskiyou (Countywide)",249.421556476165,5.60785766523021,0.0965558197306003,0.77928767240322,255.905257633529
"Plastic Grocery and Other Merchandise Bags","Siskiyou (Countywide)",45.4570297414576,6.80624481677108,0.0358306805959982,0.00437665100050588,52.3034818898252
"Non-Bag Commercial and Industrial Packaging Film","Siskiyou (Countywide)",59.7837277405876,7.09307077340662,0.0756760145257095,6.23387176086785,73.1863462893877
"Film Products","Siskiyou (Countywide)",1.92384510266604,1.93848585655833,0.0190708396415538,3.64577167491786,7.52717347378378
"Other Film - Other","Siskiyou (Countywide)",283.9187096243,18.4994446209459,1.14430869723285,0.659039194531233,304.22150213701
"Durable Plastic Items - #2 and #5 Bulky Rigids","Siskiyou (Countywide)",21.3669445629049,19.479998890371,0,1.11540264883385,41.9623461021097
"Durable Plastic Items - Other","Siskiyou (Countywide)",126.198436276169,8.11553123280322,0.0176087010754212,1.43693763958138,135.768513849629
"Remainder / Composite Plastic","Siskiyou (Countywide)",483.722396406202,18.8657445790039,0.337309057611343,4.43377460858066,507.359224651398
"PETE Plastic Containers","Solano (Countywide)",760.046023779964,339.223933527901,3.57588310273979,92.9693531429468,1195.81519355355
"HDPE Plastic Containers","Solano (Countywide)",575.070948267699,192.594615378923,0.721738726023465,9.8473480284037,778.23465040105
"Miscellaneous Plastic Containers","Solano (Countywide)",430.780488058553,180.602060533712,1.93275413690743,10.4882262074521,623.803528936625
"Plastic Trash Bags","Solano (Countywide)",2619.53612767929,46.1985470521131,1.08287388437219,7.18130309430327,2673.99885171008
"Plastic Grocery and Other Merchandise Bags","Solano (Countywide)",362.314538453507,69.7488963798909,0.331502375427882,0.0634798805140647,432.45841708934
"Non-Bag Commercial and Industrial Packaging Film","Solano (Countywide)",717.576329654734,103.162619645667,0.836062302145494,59.1434687606712,880.718480363217
"Film Products","Solano (Countywide)",18.5394208383447,13.2816443368326,0.244150090229256,33.307900941236,65.3731162066425
"Other Film - Other","Solano (Countywide)",2965.51177787474,139.11100659161,12.8438374756435,12.4260675395529,3129.89268948154
"Durable Plastic Items - #2 and #5 Bulky Rigids","Solano (Countywide)",229.493429632621,157.081169441789,0,12.5937687862737,399.168367860683
"Durable Plastic Items - Other","Solano (Countywide)",1320.82084152656,68.0320620414748,0.219867374322684,15.6207873687347,1404.69355831109
"Remainder / Composite Plastic","Solano (Countywide)",5166.5977339267,165.377558741221,3.96013397795867,54.8453818072731,5390.78080845315
"PETE Plastic Containers","Sonoma (Countywide)",1181.15186042898,555.890982307222,5.56410519883817,167.55213344675,1910.15908138179
"HDPE Plastic Containers","Sonoma (Countywide)",901.739545456405,290.826719839606,1.0145976713445,16.4833736402561,1210.06423660761
"Miscellaneous Plastic Containers","Sonoma (Countywide)",708.916088207682,314.440847774994,2.84913073266762,44.0556192575849,1070.26168597293
"Plastic Trash Bags","Sonoma (Countywide)",4164.87293993418,79.2694204205673,1.65611067140816,14.8877415849749,4260.68621261113
"Plastic Grocery and Other Merchandise Bags","Sonoma (Countywide)",550.732559254574,93.3525340119473,0.677130874085672,0.0702904075384867,644.832514548146
"Non-Bag Commercial and Industrial Packaging Film","Sonoma (Countywide)",1426.05526662056,168.322693169108,1.23612039976839,116.949299022937,1712.56337921238
"Film Products","Sonoma (Countywide)",38.3359676200161,24.569287025962,0.309843353752093,70.2037602377925,133.418858237523
"Other Film - Other","Sonoma (Countywide)",5009.05663651804,233.868693418244,18.9772409152019,20.9125229086943,5282.81509376018
"Durable Plastic Items - #2 and #5 Bulky Rigids","Sonoma (Countywide)",428.546944476524,262.091401046671,0,30.327853421182,720.966198944377
"Durable Plastic Items - Other","Sonoma (Countywide)",1946.16649132399,124.522941767684,0.43767658877941,40.9862815979822,2112.11339127844
"Remainder / Composite Plastic","Sonoma (Countywide)",8211.16612236377,288.367780411044,5.04782562806474,73.0982157836267,8577.67994418651
"PETE Plastic Containers","Stanislaus (Countywide)",957.656067156355,418.736878745878,4.61703050480823,125.376077251329,1506.38605365837
"HDPE Plastic Containers","Stanislaus (Countywide)",740.698227752747,218.2588517064,0.881386630822757,13.9594365803418,973.797902670311
"Miscellaneous Plastic Containers","Stanislaus (Countywide)",586.038472672126,218.821476101496,2.51275548315037,11.0164640169099,818.389168273683
"Plastic Trash Bags","Stanislaus (Countywide)",3490.72936064694,56.1408756323045,1.38154923166084,8.59977924965548,3556.85156476056
"Plastic Grocery and Other Merchandise Bags","Stanislaus (Countywide)",422.97509272025,81.9582909075899,0.398345299435474,0.0755628014121783,505.407291728687
"Non-Bag Commercial and Industrial Packaging Film","Stanislaus (Countywide)",1470.93817034945,148.48425936533,1.11322570534591,70.7673997137335,1691.30305513386
"Film Products","Stanislaus (Countywide)",21.3185475060831,28.4762400156018,0.298993201804512,40.8999155591459,90.9936962826353
"Other Film - Other","Stanislaus (Countywide)",4380.18407473206,170.027646894358,16.7807384448127,11.0146351635584,4578.00709523479
"Durable Plastic Items - #2 and #5 Bulky Rigids","Stanislaus (Countywide)",362.507571690176,196.927730464989,0,28.9391790812213,588.374481236386
"Durable Plastic Items - Other","Stanislaus (Countywide)",1680.34188963201,95.0682910410801,0.275971287705844,17.4814579887979,1793.16760994959
"Remainder / Composite Plastic","Stanislaus (Countywide)",6767.82916815635,202.846236068065,4.72623485631635,59.2908408302445,7034.69247991098
"PETE Plastic Containers","Sutter (Countywide)",169.76611773797,75.6921012485771,0.758698471561,19.1862787530076,265.403196211116
"HDPE Plastic Containers","Sutter (Countywide)",124.80881255128,39.2156542874445,0.116916606917403,2.05525691828956,166.196640363932
"Miscellaneous Plastic Containers","Sutter (Countywide)",94.9607405244636,39.2324586862242,0.376085849638203,1.40145523514458,135.97074029547
"Plastic Trash Bags","Sutter (Countywide)",574.276802213641,10.0960210750289,0.219094918880315,1.28300610904461,585.874924316595
"Plastic Grocery and Other Merchandise Bags","Sutter (Countywide)",82.0541304320084,16.3131109622555,0.0574087518983653,0.00898608686651693,98.4336362330287
"Non-Bag Commercial and Industrial Packaging Film","Sutter (Countywide)",193.044979152489,21.2684557803313,0.177602146590024,10.8968710632235,225.387908142633
"Film Products","Sutter (Countywide)",3.05724435782186,5.73705336325814,0.0388062691494042,5.80735111869697,14.6404551089264
"Other Film - Other","Sutter (Countywide)",674.074692823265,29.9945060909677,2.59194934079567,1.93961499299813,708.600763248026
"Durable Plastic Items - #2 and #5 Bulky Rigids","Sutter (Countywide)",51.9966361250229,34.6728434956706,0,3.35474856186333,90.0242281825568
"Durable Plastic Items - Other","Sutter (Countywide)",311.378898307529,13.3737206285706,0.0474901332034088,2.17734510112097,326.977454170424
"Remainder / Composite Plastic","Sutter (Countywide)",1134.3738042898,36.7429926365473,0.64029507659344,6.8893146538154,1178.64640665675
"PETE Plastic Containers","Tehama (Countywide)",117.64658408981,67.7485523395907,0.36763335912329,13.1559515742809,198.918721362805
"HDPE Plastic Containers","Tehama (Countywide)",76.9911901600521,32.5742558503189,0.0654644830996495,1.67352429116398,111.304434784635
"Miscellaneous Plastic Containers","Tehama (Countywide)",71.2207965132592,27.3508077292708,0.177779670917309,1.15939733237876,99.9087812458261
"Plastic Trash Bags","Tehama (Countywide)",351.556615524152,8.23317057455818,0.100647662785346,0.820211992516528,360.710645754012
"Plastic Grocery and Other Merchandise Bags","Tehama (Countywide)",69.0604471257627,10.0301233875247,0.0373958792730405,0.0144317607538163,79.1423981533143
"Non-Bag Commercial and Industrial Packaging Film","Tehama (Countywide)",108.910469515874,13.7411025845079,0.0789080109794116,6.66553511196444,129.396015223325
"Film Products","Tehama (Countywide)",2.37073465624482,3.17083250294767,0.0211368472693888,3.92079992565521,9.48350393211708
"Other Film - Other","Tehama (Countywide)",414.529539859224,24.7140442466768,1.2013868204516,2.20789929333332,442.652870219685
"Durable Plastic Items - #2 and #5 Bulky Rigids","Tehama (Countywide)",32.0137280405054,27.8453441459974,0,1.71497540713885,61.5740475936417
"Durable Plastic Items - Other","Tehama (Countywide)",200.235643753854,11.395018652485,0.0152964473988508,1.92108565476434,213.567044508503
"Remainder / Composite Plastic","Tehama (Countywide)",746.86557140527,24.9834742311422,0.399070746630011,8.28007719453652,780.528193577579
"PETE Plastic Containers","Tuolumne (Countywide)",112.409570456705,47.7867851317292,0.469347692879429,13.082247903697,173.747951185011
"HDPE Plastic Containers","Tuolumne (Countywide)",77.9687998285601,28.4666906100893,0.101526251536531,0.98127658287993,107.518293273066
"Miscellaneous Plastic Containers","Tuolumne (Countywide)",60.8387218799108,24.612005210455,0.257598958518437,2.14655789711873,87.8548839460029
"Plastic Trash Bags","Tuolumne (Countywide)",380.144527390653,7.25102519245518,0.148566284351431,1.02699729734206,388.571116164802
"Plastic Grocery and Other Merchandise Bags","Tuolumne (Countywide)",51.0529228319678,8.43691309203987,0.0479084480366992,0.00708964518933574,59.5448340172337
"Non-Bag Commercial and Industrial Packaging Film","Tuolumne (Countywide)",78.457316363907,10.1970040416544,0.108311295789922,8.29858149427761,97.061213195629
"Film Products","Tuolumne (Countywide)",2.8810037918588,1.94933254577043,0.0341830352969063,4.76831868375985,9.63283805668599
"Other Film - Other","Tuolumne (Countywide)",400.0084904385,19.8459860895776,1.69596074405327,3.67696050006972,425.2273977722
"Durable Plastic Items - #2 and #5 Bulky Rigids","Tuolumne (Countywide)",31.9549295650693,19.1041818207814,0,0.997007206362377,52.0561185922131
"Durable Plastic Items - Other","Tuolumne (Countywide)",178.681420373803,7.49999885887465,0.0292461976014572,2.0964104155439,188.307075845823
"Remainder / Composite Plastic","Tuolumne (Countywide)",747.059435839417,22.0317390550927,0.567842567661988,5.58861107486513,775.247628537036
"PETE Plastic Containers","Trinity (Countywide)",21.6229093013352,14.3375057508486,0.0757915776919254,2.28796596600014,38.3241725958759
"HDPE Plastic Containers","Trinity (Countywide)",13.8790268826432,7.68005941654637,0.00796583474054665,0.179954640988685,21.7470067749188
"Miscellaneous Plastic Containers","Trinity (Countywide)",13.5823802762448,5.52914962363821,0.0298588850930037,0.153230628406634,19.2946194133827
"Plastic Trash Bags","Trinity (Countywide)",58.004564266055,1.60206452108868,0.0235734370106421,0.11907153379434,59.7492737579487
"Plastic Grocery and Other Merchandise Bags","Trinity (Countywide)",14.1956566893431,1.70843727664759,0.00541308740401448,0.00273568502011964,15.9122427384149
"Non-Bag Commercial and Industrial Packaging Film","Trinity (Countywide)",10.8837430067188,1.25766094830489,0.0161599822685109,0.951129102608253,13.1086930399004
"Film Products","Trinity (Countywide)",0.338820772422066,0.395831978948402,0.00242719777256139,0.570299817349108,1.30737976649214
"Other Film - Other","Trinity (Countywide)",66.6659225215697,5.19354095272013,0.22545631656966,0.167594534177181,72.2525143250367
"Durable Plastic Items - #2 and #5 Bulky Rigids","Trinity (Countywide)",5.57905719911338,5.67704728597261,0,0.174386079280596,11.4304905643666
"Durable Plastic Items - Other","Trinity (Countywide)",32.6012528289474,2.09741551442089,0.00289666944097839,0.275831069860532,34.9773960826698
"Remainder / Composite Plastic","Trinity (Countywide)",119.740459847776,5.16597599402358,0.0651387444911352,1.13011784360852,126.101692429899
"PETE Plastic Containers","Tulare (Countywide)",731.647679714217,299.168847174087,2.93955640244935,102.267711125312,1136.02379441607
"HDPE Plastic Containers","Tulare (Countywide)",546.999960369937,156.873751983403,0.615414045324434,10.4187508030686,714.907877201733
"Miscellaneous Plastic Containers","Tulare (Countywide)",416.195128996194,150.150368100125,1.68331117290695,6.73986860013139,574.768676869358
"Plastic Trash Bags","Tulare (Countywide)",2653.76185381046,44.5600844070572,0.875881902032106,6.31730887422524,2705.51512899377
"Plastic Grocery and Other Merchandise Bags","Tulare (Countywide)",333.57158426257,64.5547538190032,0.288488481117126,0.0608042058266895,398.475630768517
"Non-Bag Commercial and Industrial Packaging Film","Tulare (Countywide)",1116.6086195102,101.332179160144,0.709462636178526,52.7322353978769,1271.3824967044
"Film Products","Tulare (Countywide)",15.1723091855695,41.0229686638661,0.207756571246624,29.2930772758842,85.6961116965665
"Other Film - Other","Tulare (Countywide)",3106.23382602717,134.885900880222,10.8915948313067,8.30246808279371,3260.31378982149
"Durable Plastic Items - #2 and #5 Bulky Rigids","Tulare (Countywide)",239.251861896003,133.653879660652,0,16.289198067716,389.194939624371
"Durable Plastic Items - Other","Tulare (Countywide)",1450.72418758161,59.5948730010475,0.16096842902279,11.5658457668937,1522.04587477857
"Remainder / Composite Plastic","Tulare (Countywide)",5132.51661349789,143.326805469801,3.2901027614283,39.0890231228269,5318.22254485194
"PETE Plastic Containers","Ventura (Countywide)",1792.03490019227,809.212457879453,9.7269764087424,229.947224949005,2840.92155942947
"HDPE Plastic Containers","Ventura (Countywide)",1382.09060713636,427.875752538598,1.21175300416774,25.4085420124897,1836.58665469161
"Miscellaneous Plastic Containers","Ventura (Countywide)",996.73284671215,544.871564827612,4.56429549709586,71.3154043308834,1617.48411136774
"Plastic Trash Bags","Ventura (Countywide)",6400.874575704,111.484183436182,2.84525578471992,17.7264304454623,6532.93044537036
"Plastic Grocery and Other Merchandise Bags","Ventura (Countywide)",857.679731597811,155.92946795097,0.78464176057687,0.089048209317148,1014.48288951868
"Non-Bag Commercial and Industrial Packaging Film","Ventura (Countywide)",1926.73509711854,295.231017639755,2.10395086217832,142.734224610969,2366.80429023144
"Film Products","Ventura (Countywide)",48.360220202303,47.4910696501812,0.367200348734645,81.72117129853,177.939661499749
"Other Film - Other","Ventura (Countywide)",7215.11580798956,348.847456669276,30.4099851180398,25.4963768324146,7619.86962660929
"Durable Plastic Items - #2 and #5 Bulky Rigids","Ventura (Countywide)",592.539968266224,368.698795077931,0,29.1735546717443,990.4123180159
"Durable Plastic Items - Other","Ventura (Countywide)",3346.44964490338,161.694450159741,0.912654148956681,66.9260967642975,3575.98284597637
"Remainder / Composite Plastic","Ventura (Countywide)",13222.048691564,480.958418156267,6.07038096020109,142.611106218546,13851.6885968991
"PETE Plastic Containers","Yolo (Countywide)",420.204174656125,231.51225503837,2.06808127660799,42.6834572091948,696.467968180298
"HDPE Plastic Containers","Yolo (Countywide)",320.505196023406,115.611017381023,0.256250858539814,8.46683323997378,444.839297502943
"Miscellaneous Plastic Containers","Yolo (Countywide)",264.858990760634,132.726860576484,0.866880865139999,9.61994211987724,408.072674322135
"Plastic Trash Bags","Yolo (Countywide)",1451.44797764574,30.0990442539723,0.595884516000417,4.54851121543358,1486.69141763115
"Plastic Grocery and Other Merchandise Bags","Yolo (Countywide)",230.387013072128,35.8380975763456,0.20376707349499,0.0754408081926918,266.504318530161
"Non-Bag Commercial and Industrial Packaging Film","Yolo (Countywide)",577.166030850432,94.6792116241355,0.429461382433401,36.0608924868134,708.335596343814
"Film Products","Yolo (Countywide)",11.7136487038396,10.4702770878839,0.0721368957047562,21.616666166938,43.8727288543663
"Other Film - Other","Yolo (Countywide)",1808.9474574978,83.9479957955952,6.26152861267697,6.44950127691814,1905.60648318299
"Durable Plastic Items - #2 and #5 Bulky Rigids","Yolo (Countywide)",158.753270726693,100.130232828286,0,9.69746866135105,268.580972216331
"Durable Plastic Items - Other","Yolo (Countywide)",798.881031030718,43.7965736103693,0.187699097899187,11.3261234840913,854.191427223078
"Remainder / Composite Plastic","Yolo (Countywide)",3098.53011675075,115.529134797502,1.30729035845725,30.9816762080258,3246.34821811473
"PETE Plastic Containers","Yuba (Countywide)",90.195796064914,49.7136707952502,0.349214802722246,12.2465885429045,152.505270205791
"HDPE Plastic Containers","Yuba (Countywide)",62.4978980313027,28.3920182026222,0.0765093836644874,1.0672800444244,92.0337056620138
"Miscellaneous Plastic Containers","Yuba (Countywide)",55.076155835939,21.9105448735114,0.208624307444029,0.705896043736332,77.9012210606308
"Plastic Trash Bags","Yuba (Countywide)",293.147663158543,6.0575128133959,0.117745725612456,0.633022637352252,299.955944334903
"Plastic Grocery and Other Merchandise Bags","Yuba (Countywide)",51.0718351067847,7.36882737159031,0.0301743212294352,0.0128393070443733,58.4836761066488
"Non-Bag Commercial and Industrial Packaging Film","Yuba (Countywide)",65.0994705919248,8.22769570542949,0.0768584522526737,5.15933360118975,78.5633583507967
"Film Products","Yuba (Countywide)",1.61161438077611,2.5921459404912,0.0266991754981753,2.94113101881761,7.17159051558309
"Other Film - Other","Yuba (Countywide)",314.466952684772,17.8829717976234,1.21641213846887,0.983766095564527,334.550102716429
"Durable Plastic Items - #2 and #5 Bulky Rigids","Yuba (Countywide)",24.5786493921826,20.3902068782718,0,0.988413653700369,45.9572699241548
"Durable Plastic Items - Other","Yuba (Countywide)",155.960548264313,6.97987736151702,0.0183201637451352,1.18736457736331,164.146110366939
"Remainder / Composite Plastic","Yuba (Countywide)",573.165052918213,20.382957592665,0.491125650381428,3.99593359147053,598.03506975273
